Identificador,Autor,Nome do Mod,Habilitado,Project ID (CurseForge)
Buuz135:AdminUI,Buuz135,AdminUI,Sim,1418291
Makapar:AreaIndicator,Makapar,AreaIndicator,Sim,1432771
ArmorStand:ArmorStand,ArmorStand,ArmorStand,Sim,1428752
Bonnibel:Arrow Hud,Bonnibel,Arrow Hud,Sim,1434892
MiniBox:AutoStorage,MiniBox,AutoStorage,Sim,1445747
AvidPixel:AvidPixel's Infinite Water Supply,AvidPixel,AvidPixel's Infinite Water Supply,Sim,1442419
benndevs:Ben's Sharks,benndevs,Ben's Sharks,Sim,1429744
lilethan000:Better Loot,lilethan000,Better Loot,Sim,1434056
dev.ninesliced:BetterMap,dev.ninesliced,BetterMap,Sim,1430352
BetterBridges:Bridges,BetterBridges,Bridges,Sim,1445608
nekonesse:Cubie's Better Building,nekonesse,Cubie's Better Building,Sim,1434749
DejansMods:Dejans_Rock_Structures,DejansMods,Dejans_Rock_Structures,Sim,1466484
DejansMods:Dejans_Structures,DejansMods,Dejans_Structures,Sim,1457388
nConditional:Diagonal_Fences,nConditional,Diagonal_Fences,Sim,1440600
JacobG:DoubleBeds,JacobG,DoubleBeds,Sim,1430238
Skara Bay:Emerald Armor,Skara Bay,Emerald Armor,Sim,1438327
Config:Endgame&QoL,Config,Endgame&QoL,Sim,1431338
fof1092:EssentialsPlus,fof1092,EssentialsPlus,Sim,1430015
Onilke:Expanded Necromancy,Onilke,Expanded Necromancy,Sim,1430281
org.Krynnx:Farming Overhaul,org.Krynnx,Farming Overhaul,Sim,1431839
xytronix:Forgotten Temple,xytronix,Forgotten Temple,Sim,1446622
Jodo:FreeCam,Jodo,FreeCam,Sim,1445182
Zurku:Gravestones,Zurku,Gravestones,Sim,1429212
Serilum:Hybrid,Serilum,Hybrid,Sim,1409700
CowMaster:Hyfarm,CowMaster,Hyfarm,Sim,1435187
TheRedlotus:HyFishing,TheRedlotus,HyFishing,Sim,1461002
B3cks:HyMenu,B3cks,HyMenu,Sim,1456852
HyOptimizer:HyOptimizer,HyOptimizer,HyOptimizer,Sim,1432986
com.hypersonicsharkz:Hytalor,com.hypersonicsharkz,Hytalor,Sim,1440123
BlameJared:ItemMagnet,BlameJared,ItemMagnet,Sim,1420426
JacobG:JLib,JacobG,JLib,Sim,1462025
AmoAster:Kytale,AmoAster,Kytale,Sim,1428431
com.linceros:LevelTools,com.linceros,LevelTools,Sim,1431738
GameMaster:Longbows Collection,GameMaster,Longbows Collection,Sim,1450407
Buuz135:LuckyMining,Buuz135,LuckyMining,Sim,1405422
SketchMacaw:Macaw's Hy Lights,SketchMacaw,Macaw's Hy Lights,Sim,1422243
SketchMacaw:Macaw's Hy Paths,SketchMacaw,Macaw's Hy Paths,Sim,1420553
SketchMacaw:Macaw's Hy Stairs,SketchMacaw,Macaw's Hy Stairs,Sim,1423898
SketchMacaw:Macaw's Hy Windows,SketchMacaw,Macaw's Hy Windows,Sim,1422571
Ziggfreed:MMOSkillTree,Ziggfreed,MMOSkillTree,Sim,1431313
Sebastian:MoreMounts,Sebastian,MoreMounts,Sim,1429794
Buuz135:MultipleHUD,Buuz135,MultipleHUD,Sim,1423634
IBC:Multitools,IBC,Multitools,Sim,1429210
Frotty27:NameplateBuilder,Frotty27,NameplateBuilder,Sim,1460057
works.jox:Okey,works.jox,Okey,Sim,1442448
tsumori:partypro,tsumori,partypro,Sim,1438292
narwhals:Perfect Parries,narwhals,Perfect Parries,Sim,1429041
SAIMUSGAMING:Portal World,SAIMUSGAMING,Portal World,Sim,1439809
quest_request_boards:Quest & Request Boards,quest_request_boards,Quest & Request Boards,Sim,1440737
Serilum:RecipeWisdom,Serilum,RecipeWisdom,Sim,1421580
net.night:RecoverArrows,net.night,RecoverArrows,Sim,1430521
Conczin:Resource Groups,Conczin,Resource Groups,Sim,1446648
NekoPlugins:ReviveMe,NekoPlugins,ReviveMe,Sim,1431075
DeftestJester:SecretSlidingDoorBlocks,DeftestJester,SecretSlidingDoorBlocks,Sim,1464537
StylaxGaming793:Signage Bench,StylaxGaming793,Signage Bench,Sim,1455018
Buuz135:SimpleClaims,Buuz135,SimpleClaims,Sim,1405415
org.herolias:SimpleEnchantments,org.herolias,SimpleEnchantments,Sim,1434302
BlameJared:SimplyTrash,BlameJared,SimplyTrash,Sim,1420866
com.clayrok:SocialMenu,com.clayrok,SocialMenu,Sim,1451143
Darkhax:Spellbook,Darkhax,Spellbook,Sim,1417152
BlameJared:ThoriumChests,BlameJared,ThoriumChests,Sim,1420201
BlameJared:ThoriumFurnaces,BlameJared,ThoriumFurnaces,Sim,1422800
cali19:TravelingMounts,cali19,TravelingMounts,Sim,1441250
Serilum:TreeHarvester,Serilum,TreeHarvester,Sim,1421576
Vyklade:Unified Magic Theory,Vyklade,Unified Magic Theory,Sim,1441750
Violet:Violet's Furnishings,Violet,Violet's Furnishings,Sim,1412197
Violet:Violet's Music Players,Violet,Violet's Music Players,Sim,1412205
Violet:Violet's Plushies,Violet,Violet's Plushies,Sim,1412202
Violet:Violet's Wardrobe,Violet,Violet's Wardrobe,Sim,1412200
Maxos:Void Scythe Mod,Maxos,Void Scythe Mod,Sim,1430131
wanmine:WansWonderWeapon,wanmine,WansWonderWeapon,Sim,1427562
com.woxtz.weaponinfo:Weapon Stats Viewer,com.woxtz.weaponinfo,Weapon Stats Viewer,Sim,1434331
Buuz135:WhereThisAt,Buuz135,WhereThisAt,Sim,1413287
BackslashRobotics:WorldUpdater,BackslashRobotics,WorldUpdater,Sim,1434555
Conczin:Ymmersive Carpentry,Conczin,Ymmersive Carpentry,Sim,1413286
Conczin:Ymmersive Masonry,Conczin,Ymmersive Masonry,Sim,1400317
Dray:[Dray's] Better Spellbooks,Dray,[Dray's] Better Spellbooks,NÃ£o,1431352
kedo:[kedo] BetterMovement,kedo,[kedo] BetterMovement,NÃ£o,1430046
NoCube:[NoCube's] Bakehouse,NoCube,[NoCube's] Bakehouse,NÃ£o,1423443
NoCube:[NoCube's] Culinary,NoCube,[NoCube's] Culinary,NÃ£o,1423183
NoCube:[NoCube's] Cultivation,NoCube,[NoCube's] Cultivation,NÃ£o,1423445
NoCube:[NoCube's] Neon Blocks,NoCube,[NoCube's] Neon Blocks,NÃ£o,1423600
NoCube:[NoCube's] Orchard,NoCube,[NoCube's] Orchard,NÃ£o,1423288
NoCube:[NoCube's] Simple Bags,NoCube,[NoCube's] Simple Bags,NÃ£o,1423307
NoCube:[NoCube's] Tavern,NoCube,[NoCube's] Tavern,NÃ£o,1420446
NoCube:[NoCube's] Undead Warriors,NoCube,[NoCube's] Undead Warriors,NÃ£o,1424175
kyuubisoft:achievements,kyuubisoft,achievements,NÃ£o,1445274
Buuz135:AdvancedItemInfo,Buuz135,AdvancedItemInfo,NÃ£o,1409811
com.alexispace:Alexi's RowBoat,com.alexispace,Alexi's RowBoat,NÃ£o,1455229
RocketSheep:AreaDepositorMod,RocketSheep,AreaDepositorMod,NÃ£o,1429714
BlackAures:Aures - Horse Skins,BlackAures,Aures - Horse Skins,NÃ£o,1423422
BlackAures:Aures - Livestock Skins,BlackAures,Aures - Livestock Skins,NÃ£o,1425945
MichaelBlades:AutoFarmer,MichaelBlades,AutoFarmer,NÃ£o,1439095
iTzKenar:Better Wardrobes,iTzKenar,Better Wardrobes,NÃ£o,1423826
Drex:BetterItemViewer,Drex,BetterItemViewer,NÃ£o,1429183
Buuz135:BetterModlist,Buuz135,BetterModlist,NÃ£o,1415079
sum1000:Boat Collections,sum1000,Boat Collections,NÃ£o,1431393
TeeEmDee:Brighter Torches,TeeEmDee,Brighter Torches,NÃ£o,1430146
vhsdoggy:Builder's Workbench+,vhsdoggy,Builder's Workbench+,NÃ£o,1431485
ChestRangeMod:ChestRangeMod,ChestRangeMod,ChestRangeMod,NÃ£o,1428915
DasEric:ChestTerminal,DasEric,ChestTerminal,NÃ£o,
dev.hytalemodding:Clock HUD,dev.hytalemodding,Clock HUD,NÃ£o,
CoinsAndMarkets:Coins & Markets,CoinsAndMarkets,Coins & Markets,NÃ£o,1434330
works.jox:ComMenu,works.jox,ComMenu,NÃ£o,1450673
kyuubisoft:core,kyuubisoft,core,NÃ£o,1458283
Serilum:DisabledDurability,Serilum,DisabledDurability,NÃ£o,1421579
Leiv436:Extended  Backpacks,Leiv436,Extended  Backpacks,NÃ£o,1435095
com.hytale:ExtendedTeleportHistory,com.hytale,ExtendedTeleportHistory,NÃ£o,1431365
JarHax:EyeSpy,JarHax,EyeSpy,NÃ£o,1423494
Serilum:FirstJoinMessage,Serilum,FirstJoinMessage,NÃ£o,1421570
egominer's:Glider,egominer's,Glider,NÃ£o,1431272
Linceros:GrabFromFar,Linceros,GrabFromFar,NÃ£o,1428604
DragoKane:GrapplingHookMod,DragoKane,GrapplingHookMod,NÃ£o,1440478
HF:HorseFollow,HF,HorseFollow,NÃ£o,1440910
hychatter:HyChatter,hychatter,HyChatter,NÃ£o,1454181
xyz.thelegacyvoyage:HyEssentialsX,xyz.thelegacyvoyage,HyEssentialsX,NÃ£o,1440233
com.hymarkers:HyMarkers,com.hymarkers,HyMarkers,NÃ£o,1428383
dev.hytalemodding:Hyssentials,dev.hytalemodding,Hyssentials,NÃ£o,1430015
HyTame:HyTame,HyTame,HyTame,NÃ£o,1431060
Build-9:Hyxin,Build-9,Hyxin,NÃ£o,1405491
me.Zistroxy:Mighty Staffs,me.Zistroxy,Mighty Staffs,NÃ£o,1431329
BlameJared:MinersHelmet,BlameJared,MinersHelmet,NÃ£o,1419622
Voidane:MobCatcher,Voidane,MobCatcher,NÃ£o,
Skovos:More Arrows by Skovos,Skovos,More Arrows by Skovos,NÃ£o,1440900
Mort:Mort's Wandering Merchant,Mort,Mort's Wandering Merchant,NÃ£o,1435393
Hytaled:Optimizer,Hytaled,Optimizer,NÃ£o,
Fyrrage:Outlanders Armor Pack,Fyrrage,Outlanders Armor Pack,NÃ£o,1431562
sn0wkzy:party,sn0wkzy,party,NÃ£o,1428868
com.carsonk:Party Plugin,com.carsonk,Party Plugin,NÃ£o,
Pedrijoe:PJ-HyperSalvager,Pedrijoe,PJ-HyperSalvager,NÃ£o,1445582
heypr:PlayerCompass,heypr,PlayerCompass,NÃ£o,1430037
kyuubisoft:questbook,kyuubisoft,questbook,NÃ£o,1446385
CowMaster:Salvage Everything,CowMaster,Salvage Everything,NÃ£o,1431164
Stylax_Shop_Boards:Shop Boards,Stylax_Shop_Boards,Shop Boards,NÃ£o,1454583
ShopSigns:Shop Signs,ShopSigns,Shop Signs,NÃ£o,1454300
Samiracle:SleepRegeneration,Samiracle,SleepRegeneration,NÃ£o,1429104
SlverSkull:SLVR_Robes_&_Spells,SlverSkull,SLVR_Robes_&_Spells,NÃ£o,1443918
Serilum:StarterKit,Serilum,StarterKit,NÃ£o,1421568
EineNT:VeinMining,EineNT,VeinMining,NÃ£o,1428922
Darkhax:WaybackCharm,Darkhax,WaybackCharm,NÃ£o,1421200
x3Dev:Wayfinder,x3Dev,Wayfinder,NÃ£o,1431372
x3Dev:Waypoints,x3Dev,Waypoints,NÃ£o,1429735
Serilum:WelcomeMessage,Serilum,WelcomeMessage,NÃ£o,1423805
Serilum:WhereDidIDie,Serilum,WhereDidIDie,NÃ£o,1428115
Samiracle:WorkbenchTierKeeper,Samiracle,WorkbenchTierKeeper,NÃ£o,1430106
Conczin:Ymmersive Melodies,Conczin,Ymmersive Melodies,NÃ£o,1400306
Refresh Studios:YUNG's HyDungeons,Refresh Studios,YUNG's HyDungeons,NÃ£o,1423289